text,sentiment
This game's recent ads before matches are getting excessive.,negative
The recent nerf to my favorite character ruined my playstyle.,negative
This game has way too many ads before matches now.,negative
The recoil pattern on assault rifles feels random now.,negative
I love how quick a full match can be finished.,positive
Ranked matches feel rigged against solo players lately.,negative
"The new weapon skins are gorgeous, love collecting them.",positive
The gunplay feels so smooth and responsive now.,positive
"The recent update fixed a lot of bugs, great job devs.",positive
This patch made the mini map update way too slowly.,negative
I keep losing rank points due to unfair server disconnects.,negative
Free Fire's new UI buttons are way too small to tap accurately.,negative
The new anti-cheat update didn't fix anything at all.,negative
Matchmaking was fast and fair in my last few matches.,positive
The new gun sound effects make firefights feel so much more intense.,positive
I like how the zone shrinks at a fair pace now.,positive
The reporting system doesn't seem to actually ban cheaters.,negative
The loading screen takes way too long on my phone.,negative
The recent bug fix broke something else entirely.,negative
The recent nerf to sniper damage feels completely unnecessary.,negative
The airdrop loot feels completely random and unbalanced.,negative
Hackers are ruining almost every ranked match I play.,negative
I keep losing progress on daily missions after closing the app.,negative
The updated gun sounds feel muffled and unclear now.,negative
The new lobby background themes look really nice.,positive
Playing solo vs squad mode is a great challenge.,positive
I appreciate how the devs listen to community feedback.,positive
"I really enjoy the character abilities, they add strategy.",positive
This game's replay feature is great for reviewing my mistakes.,positive
The recent anniversary event had genuinely great rewards.,positive
"My character gets stuck in walls sometimes, it's annoying.",negative
The new pet feature adds a fun twist to gameplay.,positive
I keep noticing enemy players teleporting due to lag.,negative
I appreciate the new option to customize HUD layout freely.,positive
I keep getting kicked out right after loading into a match.,negative
Free Fire's storyline events add a nice narrative touch.,positive
The recent collab event brought some really unique skins.,positive
The updated spectate mode barely shows useful information.,negative
The updated character select screen looks really polished.,positive
The new lobby music is honestly really catchy.,positive
The recent update removed features I actually liked.,negative
The recent graphics overhaul made the lobby look amazing.,positive
The recharge diamonds finally feel worth the price this update.,positive
The updated loot table feels heavily weighted toward junk items.,negative
I keep getting stuck in the same texture glitch near buildings.,negative
The recent event let me unlock a skin I always wanted.,positive
Loading times have become unbearably long recently.,negative
I appreciate the clear tutorials for new game modes.,positive
I keep encountering the same buggy glitch spot on the map.,negative
I love collecting all the different gun skin variants.,positive
The updated matchmaking finally feels balanced for casual players.,positive
I keep facing lag spikes right when a fight starts.,negative
I keep losing visibility due to overly bright new lighting.,negative
"This event gave really generous rewards, loved it.",positive
I love how the new map rotation keeps things interesting.,positive
The recent buff to shotguns made close range fights fun again.,positive
This game's recent rewards feel much stingier than before.,negative
I enjoy how the new characters change up my usual strategy.,positive
I like how the new pets have genuinely useful skills.,positive
The recent buff to healing speed made fights feel less punishing.,positive
Free Fire's UI update made everything easier to navigate.,positive
I keep running into rubber banding during firefights.,negative
I like how much smoother vehicle driving feels this update.,positive
Free Fire's new event locked most rewards behind paywalls.,negative
I keep getting one shot even with a full health bar.,negative
Free Fire's new event currency expires way too quickly.,negative
I appreciate how smooth the transition between menus feels now.,positive
I love diving into the new map's hidden loot spots.,positive
The recent patch made emotes lag the whole screen.,negative
I keep losing connection right in the middle of gunfights.,negative
The new season's theme and cosmetics look fantastic.,positive
I keep getting matched with players using obvious hacks.,negative
The recent update removed a feature I used constantly.,negative
The new firework effects during victories look amazing.,positive
I keep losing my parachute control near tall buildings.,negative
The updated store layout makes finding new items much easier.,positive
My progress didn't save after the last forced update.,negative
The recent character rework made my favorite pick useless.,negative
Free Fire's mini map is really clear and easy to read.,positive
The gun recoil feels broken after this update.,negative
I like how the devs regularly patch out exploit bugs.,positive
I keep facing the same laggy players ruining close fights.,negative
The recent update slowed down the overall game pacing.,negative
The updated weapon balance made assault rifles feel weak.,negative
The audio cues for footsteps are broken since the update.,negative
The recent squad chat improvements made teamwork way easier.,positive
The loot system feels fair and well balanced now.,positive
The recent patch made grenades explode with a noticeable delay.,negative
The game crashes constantly since the last patch.,negative
My teammates keep leaving matches early without warning.,negative
My character animations freeze randomly during gunfights.,negative
This patch introduced a bug that resets my keybinds constantly.,negative
I keep facing squads stacked with clearly boosted accounts.,negative
Love how easy it is to team up with friends.,positive
This update brought some really cool new gun skins.,positive
I like how easy it is to invite friends into a lobby now.,positive
I keep experiencing input delay with the new control scheme.,negative
This update made the game feel more repetitive.,negative
This is still my favorite battle royale after years of playing.,positive
The updated store keeps showing items I already own.,negative
The new vehicle skins look absolutely stunning.,positive
The graphics improved a lot since I first started playing.,positive
I keep getting kicked from matches due to server issues.,negative
The new lobby music got really annoying after a few days.,negative
The animations for emotes are really creative and fun.,positive
Grenades sometimes don't register damage properly.,negative
I love how responsive the new joystick controls feel.,positive
The recent glitch fixes made the game run much smoother.,positive
The battle pass rewards this season are totally worth it.,positive
Free Fire's new gun recoil pattern feels overly punishing.,negative
This game's recent crafting system feels overly complicated.,negative
The updated zone shrink speed feels unfairly aggressive.,negative
The recent optimization update made the game way faster.,positive
The updated character voice lines add nice personality.,positive
I keep facing bots that don't act realistic at all.,negative
This update drained my phone's battery way faster.,negative
I keep experiencing sudden fps drops during the final circle.,negative
Ranked mode feels balanced and competitive this season.,positive
The recent fix to the parachute landing glitch was much needed.,positive
I enjoy how each character brings something unique to a squad.,positive
This update made older phones lag way more than before.,negative
This event's rewards were honestly disappointing.,negative
The new grenade animations look really satisfying.,positive
The new voice chat feature makes teamwork so much easier.,positive
This game's recent patch broke the emote wheel entirely.,negative
This patch caused random freezes mid gunfight.,negative
I keep getting disconnected right before winning a match.,negative
This game keeps surprising me with creative new content.,positive
The store prices for skins are getting ridiculous.,negative
The hit registration is inconsistent and frustrating.,negative
The training ground is great for practicing aim.,positive
The updated audio mix makes gunfire way too quiet.,negative
I like that they added more sensitivity customization options.,positive
Free Fire's ping display is inaccurate most of the time.,negative
I appreciate that low end phones can still run this smoothly.,positive
The recent server migration caused a lot of connection issues.,negative
This game feels pay to win more than ever now.,negative
Free Fire's new event tasks require way too much grinding.,negative
I love the new characters added in this update.,positive
The new sensitivity settings reset after every restart.,negative
Free Fire's controls are surprisingly intuitive once you learn them.,positive
I keep losing kills to obvious desync issues.,negative
Free Fire's esports scene makes watching pros really fun.,positive
The recent matchmaking changes made queues way too long.,negative
The new car skins look incredibly detailed this update.,positive
Winning a Booyah always feels so satisfying.,positive
I love the variety of characters with unique skills.,positive
I love testing out new characters in the practice range.,positive
The recent update made the app take up way more storage.,negative
Free Fire's clan rewards haven't updated in a long time.,negative
The updated lobby menu feels much cleaner to navigate.,positive
This patch broke the sensitivity settings for scoped weapons.,negative
Customizing my character's outfit is one of my favorite things.,positive
I really enjoy the fast respawn system in some game modes.,positive
The gun sway feels excessive and unrealistic now.,negative
Free Fire's daily challenges give a nice sense of progress.,positive
Free Fire's file size is small compared to other battle royales.,positive
The sound design makes every gunfight feel intense.,positive
The new update made the controls feel clunky.,negative
This update's improved lighting makes the whole game look better.,positive
The aim assist feels broken on emulator players.,negative
The recent quality of life changes made inventory management easier.,positive
My squad kept getting split up by bad server routing.,negative
The updated character animations during revives look great.,positive
Free Fire's new limited time mode was a really fun change of pace.,positive
Free Fire's new theme song for this season is really catchy.,positive
This update's zone mechanics feel more strategic than before.,positive
This game's soundtrack really sets the mood during matches.,positive
The battle pass grind feels way too tedious now.,negative
Free Fire's new weapon crate system feels much fairer.,positive
The graphics settings reset every time I open the app.,negative
I like how balanced the weapons feel across the board.,positive
This patch broke compatibility with several older devices.,negative
The airdrop mechanic keeps late game fights exciting.,positive
The visual effects during gunfights look really polished.,positive
The recent anti-cheat update made matches feel more fair.,positive
Free Fire's collab skins this season are some of the best yet.,positive
Free Fire's mobile optimization keeps improving every patch.,positive
I like that the game gives clear feedback on damage dealt.,positive
I keep losing loot to invisible glitches in buildings.,negative
The healing items feel balanced and not overpowered.,positive
I keep getting disconnected specifically during airdrop fights.,negative
Bullet drop feels inconsistent across different weapons.,negative
The voice chat cuts out constantly during squad matches.,negative
I keep getting placed far from my squad after landing.,negative
The zone damage feels way too punishing this season.,negative
Free Fire's new loading screens look genuinely artistic.,positive
Free Fire's new weapon durability system feels unnecessary.,negative
The lag in Free Fire has gotten really bad lately.,negative
The matchmaking queue takes forever during peak hours.,negative
I really like the new bermuda remastered map layout.,positive
This game feels way more pay to win than before.,negative
The recent server upgrade made matches feel much more stable.,positive
I like how the recent patch improved overall server response time.,positive
Free Fire's new gun skins are locked behind expensive bundles.,negative
This game has the best mobile battle royale gunfights.,positive
The recent skin recycle feature is a genuinely useful addition.,positive
Free Fire's new loading screen takes noticeably longer now.,negative
The updated friend list makes squadding up much simpler.,positive
I keep noticing texture pop in on lower graphics settings.,negative
Clash Squad mode is so much fun and quick to play.,positive
Free Fire's new gun skin animations look really smooth.,positive
The clan system makes it easy to find good teammates.,positive
The updated recoil control feels much harder to manage now.,negative
This update introduced so many new bugs.,negative
Free Fire's new lobby animations lag on mid range phones.,negative
This game never gets boring with all the new content.,positive
The updated character skills feel unbalanced compared to before.,negative
I keep experiencing frame drops during intense fights.,negative
The recent update made the game feel more pay to win than ever.,negative
The daily missions give a nice reason to log in.,positive
The zone timer feels too short in early game now.,negative
This season's theme feels really fresh and creative.,positive
Free Fire keeps getting better with every patch.,positive
I keep losing diamonds to a purchase bug that wasn't fixed.,negative
I keep seeing the same recycled content in every new event.,negative
This event required way too much grinding for rewards.,negative
I like that guns feel different enough to require strategy.,positive
Free Fire's clan leaderboard makes competing with friends fun.,positive
I keep facing the same overpowered character every match.,negative
This game's recent battle pass price increase feels unjustified.,negative
I keep losing frames whenever multiple players are on screen.,negative
The updated character voice lines repeat way too often now.,negative
I like the added depth from the new gunsmith attachments.,positive
I love collecting the different character bundles.,positive
The friend request system barely works anymore.,negative
This season's rank reset felt unfair to players who grinded hard.,negative
I keep facing squads that are clearly using wall hacks.,negative
I like how satisfying the new melee weapon animations feel.,positive
I love the variety of game modes available now.,positive
This update's new sound design makes footsteps easier to hear.,positive
The new character abilities feel overpowered and unbalanced.,negative
I keep getting matched against clearly higher skill squads.,negative
The updated aim training mode really helped improve my accuracy.,positive
The new bundle designs are creative and well made.,positive
Free Fire's new emotes are hilarious and well animated.,positive
Free Fire's new vehicle spawn rates feel way too low now.,negative
The tutorial for new players is clear and helpful.,positive
The updated friend invite system frequently fails to work.,negative
This game's community events always feel well thought out.,positive
The updated hit boxes feel off since the last patch.,negative
I keep getting one shot from ridiculous distances now.,negative
The matchmaking algorithm seems completely broken right now.,negative
I keep losing connection specifically during ranked matches.,negative
The new headshot effects look really satisfying.,positive
My inventory glitched and I lost some skins.,negative
Free Fire's new practice mode barely resembles real matches.,negative
I appreciate how the devs added more accessibility options.,positive
This game's new character lore videos are genuinely entertaining.,positive
This season's rank rewards are genuinely worth grinding for.,positive
Free Fire's events calendar is always packed with fun stuff.,positive
The vehicle physics feel broken since the recent patch.,negative
I keep noticing enemies clipping through walls occasionally.,negative
The new map is beautifully designed and fun to explore.,positive
I like how balanced the shotgun versus sniper matchups feel now.,positive
I enjoy how fast paced and short the matches are.,positive
The recent hit registration fix made gunfights feel accurate.,positive
Free Fire has amazing graphics for a mobile game.,positive
The character customization options are really extensive.,positive
I keep losing my aim lock during fast paced fights.,negative
I love the variety of outfits available in the store now.,positive
Matchmaking keeps pairing me against way higher level players.,negative
This update's weapon balancing finally feels spot on.,positive
This patch made vehicle collisions feel completely unrealistic.,negative
The clan chat feature has been broken for weeks now.,negative
I keep getting placed in matches with terrible ping.,negative
Too many pay to win items are being pushed lately.,negative
I lost my rank points because of a random disconnect.,negative
The community events are creative and keep things fresh.,positive
I keep noticing enemy footsteps not playing at all.,negative
The recent nerf to healing items feels unfair.,negative
Playing with a good squad makes every match enjoyable.,positive
The servers have been unstable all week.,negative
Squad mode with my friends is always a blast.,positive
The recent nerf to healing items ruined late game comebacks.,negative
I appreciate how often free rewards are given out.,positive
The recent changes to matchmaking ignore skill level entirely.,negative
The gunsmith feature lets me customize weapons perfectly.,positive
This patch made the training range feel completely pointless.,negative
The guild wars event was such a fun addition.,positive
I love how rewarding the daily login bonuses are.,positive
I keep spawning in bad locations with no loot nearby.,negative
Free Fire's new weapon reload animations look really crisp.,positive
Free Fire's file size keeps growing with every update.,negative
I really like how smooth the character movement feels now.,positive
I like how the game rewards good aim rather than just luck.,positive
This game is perfect for quick matches during breaks.,positive
Free Fire runs smoothly even on low-end devices.,positive
The new UI is confusing and hard to navigate.,negative
I keep losing loot when the inventory fails to sync properly.,negative
The graphics quality settings run great even on my old phone.,positive
This game keeps crashing whenever I open the store.,negative
The new map feels unbalanced with too many open areas.,negative
Free Fire's ping system helps a lot in squad play.,positive
The recent skin drop rates feel deliberately low.,negative
The recent fix to peeking mechanics made gunfights fairer.,positive
I love how frequently new content gets added.,positive
Landing spots feel more varied and exciting this update.,positive
The controller support update made playing so much better.,positive
This season's collab event brought some really fun crossover content.,positive
